{"mean": 873.1211037452787, "std": 1204.0948827313046, "min": 20.690000534057617, "max": 6144.14990234375, "last_value": 5580.93994140625}